{
  "best_cost": -0.0,
  "best_params": {
    "lr0": 0.011785512324617425,
    "lrf": 0.11278544536272785,
    "momentum": 0.9695197651789369,
    "weight_decay": 0.000939362408024387,
    "iou": 0.5944719488387818,
    "conf": 0.006331720877837145,
    "hsv_h": 0.048287152231863896,
    "hsv_s": 0.6327579877381787,
    "hsv_v": 0.6901357845111284,
    "degrees": 0.5329267410020272,
    "translate": 0.15999924546524558,
    "scale": 0.5732299624711559,
    "mosaic": 0.07687841021603936,
    "mixup": 0.12928594839780264,
    "imgsz": 640
  }
}