{
  "best_cost": -0.0,
  "best_params": {
    "lr0": 0.013564380063435934,
    "lrf": 0.2818724805762024,
    "momentum": 0.9558436480329412,
    "weight_decay": 0.0008204530951152301,
    "iou": 0.6551071036742633,
    "conf": 0.0027738411129449195,
    "hsv_h": 0.008973052625371587,
    "hsv_s": 0.5877781130514099,
    "hsv_v": 0.8223234151958974,
    "degrees": 2.464141140694443,
    "translate": 0.10797380112151056,
    "scale": 0.6759801130454428,
    "mosaic": 0.3022115821114806,
    "mixup": 0.2975005014537089,
    "imgsz": 640
  }
}