iter,particle,model,run,val_mAP50_95,wall_time,exp_name,lr0,lrf,momentum,weight_decay,iou,conf,hsv_h,hsv_s,hsv_v,degrees,translate,scale,mosaic,mixup,imgsz
0,0,YOLOv8,run_01,0.0,1759956465.837026,pso_fit_it0_p0_38217,0.0135643800634359,0.2818724805762024,0.9558436480329412,0.0008204530951152,0.6551071036742633,0.0027738411129449,0.0089730526253715,0.5877781130514099,0.8223234151958974,2.464141140694443,0.1079738011215105,0.6759801130454428,0.3022115821114806,0.2975005014537089,666.3471840083175
0,1,YOLOv8,run_01,0.0,1759956545.0277102,pso_fit_it0_p1_236444,0.0092307605117027,0.131601910735692,0.9640597058298402,0.0019857613922082,0.667094691086004,0.0011880131221591,0.0198303806168377,0.586247513960346,0.7921537913992855,4.49456820790953,0.1583550616106597,0.7918741311642739,0.3629646234217221,0.2080083478858987,697.0923525913943
0,2,YOLOv8,run_01,0.0,1759956652.2510743,pso_fit_it0_p2_828535,0.0025305935928123,0.1847427879894486,0.9188132475243148,0.0004904036378192,0.4969969487549014,0.003200341105878,0.0466105038464831,0.7208222302227512,0.738713582015008,4.325109716447059,0.0253159548537968,0.7392041488907014,0.912612486625133,0.1905301246117515,866.5758890601358
1,0,YOLOv8,run_01,0.0,1759956731.8535547,pso_fit_it1_p0_624900,0.01682627248552428,0.06717944436494185,0.9493761358746504,0.0004373364807814417,0.5173965697679163,0.0065115201384342075,0.015797140763675444,0.6774422140507551,0.43910307602760823,2.865405341067943,0.10811506163419185,0.7984970819114875,0.4480106604870886,0.05830282233812156,666.7674940926805
1,1,YOLOv8,run_01,0.0,1759956811.9295719,pso_fit_it1_p1_83010,0.009034623862606235,0.20696329295659,0.9137600378185635,0.0004645496529552047,0.4873166192956761,0.008764905135317934,0.03536107385287922,0.6967385016159328,0.5361130839722128,3.501430467580775,0.02566491581803859,0.457773594780009,0.7819419024367849,0.16053356944208613,687.5506520079775
1,2,YOLOv8,run_01,0.0,1759956912.96076,pso_fit_it1_p2_438791,0.005453886831031675,0.12297590660660647,0.9695794856706808,0.0011795854027437005,0.4986997158521069,0.009793745528299314,0.02002253647631015,0.8066066768534781,0.8652500718449652,2.7274250898361094,0.1498634481310963,0.4676187430178227,0.1564098823498865,0.230790809434887,816.8398392630879
